time,serie
246.000000,0.311562
247.000000,0.309806
248.000000,0.447394
249.000000,0.485784
250.000000,0.359137
251.000000,0.213609
252.000000,0.105109
253.000000,0.074939
254.000000,-0.041815
