time,serie
246.000000,0.354104
247.000000,0.415387
248.000000,0.504353
249.000000,0.517613
250.000000,0.461158
251.000000,0.410754
252.000000,0.402607
253.000000,0.411737
254.000000,0.334389
