time,serie
246.000000,0.194030
247.000000,0.269476
248.000000,0.462050
249.000000,0.447940
250.000000,0.374059
251.000000,0.428265
252.000000,0.403874
253.000000,0.337660
254.000000,0.345284
