time,serie
246.000000,0.466079
247.000000,0.388775
248.000000,0.593080
249.000000,0.553667
250.000000,0.545661
251.000000,0.437130
252.000000,0.376238
253.000000,0.343631
254.000000,0.295779
