time,serie
246.000000,0.354104
247.000000,0.348963
248.000000,0.273084
249.000000,0.270769
250.000000,0.293514
251.000000,0.307585
252.000000,0.340339
253.000000,0.286578
254.000000,0.286048
