time,serie
246.000000,0.311562
247.000000,0.353578
248.000000,0.247835
249.000000,0.279570
250.000000,0.307369
251.000000,0.286046
252.000000,0.395806
253.000000,0.298775
254.000000,0.282214
