time,serie
246.000000,0.600156
247.000000,0.555681
248.000000,0.743738
249.000000,0.744838
250.000000,0.668099
251.000000,0.614387
252.000000,0.578675
253.000000,0.566004
254.000000,0.597841
