time,serie
246.000000,0.620659
247.000000,0.614504
248.000000,0.656806
249.000000,0.595108
250.000000,0.558694
251.000000,0.605443
252.000000,0.543720
253.000000,0.523025
254.000000,0.509347
