time,serie
246.000000,0.620659
247.000000,0.617733
248.000000,0.628166
249.000000,0.642512
250.000000,0.622590
251.000000,0.596384
252.000000,0.620500
253.000000,0.589216
254.000000,0.574380
