time,serie
246.000000,0.194030
247.000000,0.333271
248.000000,0.257692
249.000000,0.300786
250.000000,0.284484
251.000000,0.303151
252.000000,0.423729
253.000000,0.541218
254.000000,0.557854
