time,serie
246.000000,0.600156
247.000000,0.593123
248.000000,0.496235
249.000000,0.420198
250.000000,0.532600
251.000000,0.502263
252.000000,0.568168
253.000000,0.519958
254.000000,0.523730
