time,serie
246.000000,0.466079
247.000000,0.486824
248.000000,0.533928
249.000000,0.488257
250.000000,0.472438
251.000000,0.481714
252.000000,0.438783
253.000000,0.430907
254.000000,0.439096
